{
  "rotation_look_ahead_turns": 6,
  "offset_lookahead": 16,
  "enemy_offset_lookahead": 8,
  "reinforcement_pressure_turns": 24,
  "reinforcement_pressure_decay": 0.2892112397142415,
  "frontier_pressure_ratio": 3.5034305066548312,
  "ally_pressure_ratio": 0.828105122513934,
  "horizon": 16,
  "max_distance": 57.16453449039427
}
