{
  "rotation_look_ahead_turns": 28,
  "offset_lookahead": 23,
  "enemy_offset_lookahead": 3,
  "reinforcement_pressure_turns": 16,
  "reinforcement_pressure_decay": 0.14854133547075857,
  "frontier_pressure_ratio": 2.485051989233474,
  "ally_pressure_ratio": 2.080497683661223,
  "horizon": 14,
  "max_distance": 59.17554790857135
}
