{
  "rotation_look_ahead_turns": 10,
  "offset_lookahead": 18,
  "enemy_offset_lookahead": 10,
  "reinforcement_pressure_turns": 28,
  "reinforcement_pressure_decay": 0.25310933822405324,
  "frontier_pressure_ratio": 3.1992377687381963,
  "ally_pressure_ratio": 0.794565368894421,
  "horizon": 16,
  "max_distance": 56.91600635470856
}
